chr	snp	test	p	QAS	pos	maf	gene
22	rs12628452	INF/African American/H/CD	0.4356529321	-1	16055171	0.07314	
22	rs12628452	INF/African American/H/D	0.562632498	0.8408192598	16055171	0.07314	
22	rs12628452	INF/African American/H/R	0.3372641509	0	16055171	0.07314	
22	rs12628452	INF/African American/N/CD	0.8517690161	-1	16055171	0.07314	
22	rs12628452	INF/African American/N/D	1	0.9782514137	16055171	0.07314	
22	rs12628452	INF/African American/N/R	1	0	16055171	0.07314	
22	rs12628452	INF/African American/3/CD	0.5157275929	-1	16055171	0.07314	
22	rs12628452	INF/African American/3/D	0.6263557643	-1	16055171	0.07314	
22	rs12628452	INF/African American/3/R	0.114313142	-1	16055171	0.07314	
22	rs12628452	INF/African American/H/A	0.4889967364	0.8140535373	16055171	0.07314	
22	rs12628452	INF/African American/N/A	0.914902031	0.9616931496	16055171	0.07314	
22	rs12628452	INF/African American/3/A	0.5271630901	-1	16055171	0.07314	
22	rs12628452	PDCA2/African American/CD4/CD	0.6296231797	-1	16055171	0.07314	
22	rs12628452	PDCA2/African American/CD4/D	0.4984504613	1.3560606061	16055171	0.07314	
22	rs12628452	PDCA2/African American/CD4/R	1	0	16055171	0.07314	
22	rs12628452	PDCAM/African American/CD4/CD	0.3325491039	-1	16055171	0.07314	
22	rs12628452	PDCAM/African American/CD4/D	0.2243839612	-1	16055171	0.07314	
22	rs12628452	PDCAM/African American/CD4/R	0.675880222	-1	16055171	0.07314	
22	rs12628452	PDCA2/African American/93/CD	0.5038838423	-1	16055171	0.07314	
22	rs12628452	PDCA2/African American/93/D	0.3854879728	1.4236363636	16055171	0.07314	
22	rs12628452	PDCA2/African American/93/R	1	0	16055171	0.07314	
22	rs12628452	PDCAM/African American/93/CD	0.3005647079	-1	16055171	0.07314	
22	rs12628452	PDCAM/African American/93/D	0.220548273	-1	16055171	0.07314	
22	rs12628452	PDCAM/African American/93/R	0.6876419877	-1	16055171	0.07314	
22	rs12628452	PDCA2/African American/87/CD	0.9916922745	-1	16055171	0.07314	
22	rs12628452	PDCA2/African American/87/D	1	1.0416666667	16055171	0.07314	
22	rs12628452	PDCA2/African American/87/R	1	0	16055171	0.07314	
22	rs12628452	PDCAM/African American/87/CD	0.7258093072	-1	16055171	0.07314	
22	rs12628452	PDCAM/African American/87/D	0.7159919847	-1	16055171	0.07314	
22	rs12628452	PDCAM/African American/87/R	0.9729439496	-1	16055171	0.07314	
22	rs12628452	PDCA2/African American/DTH/CD	0.8555682835	-1	16055171	0.07314	
22	rs12628452	PDCA2/African American/DTH/D	0.7167283318	1.2673796791	16055171	0.07314	
22	rs12628452	PDCA2/African American/DTH/R	1	0	16055171	0.07314	
22	rs12628452	PDCAM/African American/DTH/CD	0.4047094143	-1	16055171	0.07314	
22	rs12628452	PDCAM/African American/DTH/D	0.4396619893	-1	16055171	0.07314	
22	rs12628452	PDCAM/African American/DTH/R	0.6041394688	-1	16055171	0.07314	
22	rs12628452	PHAZ/African American/CD4/CD	0.8114902365	1.0911020873	16055171	0.07314	
22	rs12628452	PHAZ/African American/CD4/D	0.8114902365	1.0911020873	16055171	0.07314	
22	rs12628452	PHAZ/African American/CD4/R	1	-1	16055171	0.07314	
22	rs12628452	PHAZ/African American/93/CD	0.8832569489	1.0520232173	16055171	0.07314	
22	rs12628452	PHAZ/African American/93/D	0.8832569489	1.0520232173	16055171	0.07314	
22	rs12628452	PHAZ/African American/93/R	1	-1	16055171	0.07314	
22	rs12628452	PHAZ/African American/87/CD	0.8934461909	1.0572094199	16055171	0.07314	
22	rs12628452	PHAZ/African American/87/D	0.8934461909	1.0572094199	16055171	0.07314	
22	rs12628452	PHAZ/African American/87/R	1	-1	16055171	0.07314	
22	rs12628452	PHAZ/African American/DTH/CD	0.9644397881	0.9727747271	16055171	0.07314	
22	rs12628452	PHAZ/African American/DTH/D	0.9644397881	0.9727747271	16055171	0.07314	
22	rs12628452	PHAZ/African American/DTH/R	1	-1	16055171	0.07314	
22	rs12628452	PHAZ/ALIVE/CD4/CD	0.8067023832	0.9108427222	16055171	0.07314	
22	rs12628452	PHAZ/ALIVE/CD4/D	0.8067023832	0.9108427222	16055171	0.07314	
22	rs12628452	PHAZ/ALIVE/CD4/R	1	-1	16055171	0.07314	
22	rs12628452	PHAZ/ALIVE/93/CD	0.8091367883	0.9161538852	16055171	0.07314	
22	rs12628452	PHAZ/ALIVE/93/D	0.8091367883	0.9161538852	16055171	0.07314	
22	rs12628452	PHAZ/ALIVE/93/R	1	-1	16055171	0.07314	
22	rs12628452	PHAZ/ALIVE/87/CD	0.6439583984	0.8017359345	16055171	0.07314	
22	rs12628452	PHAZ/ALIVE/87/D	0.6439583984	0.8017359345	16055171	0.07314	
22	rs12628452	PHAZ/ALIVE/87/R	1	-1	16055171	0.07314	
22	rs12628452	PHAZ/ALIVE/DTH/CD	0.8652128883	1.1185704708	16055171	0.07314	
22	rs12628452	PHAZ/ALIVE/DTH/D	0.8652128883	1.1185704708	16055171	0.07314	
22	rs12628452	PHAZ/ALIVE/DTH/R	1	-1	16055171	0.07314	
22	rs5746356	INF/African American/H/CD	0.6453205971	-1	16059734	0.1128	
22	rs5746356	INF/African American/H/D	0.383758186	0.8088235294	16059734	0.1128	
22	rs5746356	INF/African American/H/R	0.4310169372	3.1313868613	16059734	0.1128	
22	rs5746356	INF/African American/N/CD	0.6123185741	-1	16059734	0.1128	
22	rs5746356	INF/African American/N/D	0.4500904394	0.8505434783	16059734	0.1128	
22	rs5746356	INF/African American/N/R	0.3704362483	1.7518248175	16059734	0.1128	
22	rs5746356	INF/African American/3/CD	0.6174344737	-1	16059734	0.1128	
22	rs5746356	INF/African American/3/D	0.3682232252	-1	16059734	0.1128	
22	rs5746356	INF/African American/3/R	0.2612019541	-1	16059734	0.1128	
22	rs5746356	INF/African American/H/A	0.649654454	0.8999426277	16059734	0.1128	
22	rs5746356	INF/African American/N/A	0.6680718951	0.9151244152	16059734	0.1128	
22	rs5746356	INF/African American/3/A	0.6129004912	-1	16059734	0.1128	
22	rs5746356	PDCA2/African American/CD4/CD	0.6918420871	-1	16059734	0.1128	
22	rs5746356	PDCA2/African American/CD4/D	0.7099447349	1.1428571429	16059734	0.1128	
22	rs5746356	PDCA2/African American/CD4/R	0.5732404228	1.3039215686	16059734	0.1128	
22	rs5746356	PDCAM/African American/CD4/CD	0.870935004	-1	16059734	0.1128	
22	rs5746356	PDCAM/African American/CD4/D	0.7940692207	-1	16059734	0.1128	
22	rs5746356	PDCAM/African American/CD4/R	0.8166860222	-1	16059734	0.1128	
22	rs5746356	PDCA2/African American/93/CD	0.5621637839	-1	16059734	0.1128	
22	rs5746356	PDCA2/African American/93/D	0.5935197269	1.2349612865	16059734	0.1128	
22	rs5746356	PDCA2/African American/93/R	1	1.1091954023	16059734	0.1128	
22	rs5746356	PDCAM/African American/93/CD	0.9649416995	-1	16059734	0.1128	
22	rs5746356	PDCAM/African American/93/D	0.9150214455	-1	16059734	0.1128	
22	rs5746356	PDCAM/African American/93/R	0.6365554604	-1	16059734	0.1128	
22	rs5746356	PDCA2/African American/87/CD	0.2532337516	-1	16059734	0.1128	
22	rs5746356	PDCA2/African American/87/D	0.3028614687	1.5491666667	16059734	0.1128	
22	rs5746356	PDCA2/African American/87/R	0.5298027312	1.4678571429	16059734	0.1128	
22	rs5746356	PDCAM/African American/87/CD	0.511157838	-1	16059734	0.1128	
22	rs5746356	PDCAM/African American/87/D	0.4794343148	-1	16059734	0.1128	
22	rs5746356	PDCAM/African American/87/R	0.9098326646	-1	16059734	0.1128	
22	rs5746356	PDCA2/African American/DTH/CD	0.5565582415	-1	16059734	0.1128	
22	rs5746356	PDCA2/African American/DTH/D	0.5197222636	0.4520123839	16059734	0.1128	
22	rs5746356	PDCA2/African American/DTH/R	0.4338525348	2.5	16059734	0.1128	
22	rs5746356	PDCAM/African American/DTH/CD	0.3272344428	-1	16059734	0.1128	
22	rs5746356	PDCAM/African American/DTH/D	0.2061312212	-1	16059734	0.1128	
22	rs5746356	PDCAM/African American/DTH/R	0.7104292959	-1	16059734	0.1128	
22	rs5746356	PHAZ/African American/CD4/CD	0.9220538486	0.9731335277	16059734	0.1128	
22	rs5746356	PHAZ/African American/CD4/D	0.9067668902	0.9644098934	16059734	0.1128	
22	rs5746356	PHAZ/African American/CD4/R	0.9779765521	1.0290154762	16059734	0.1128	
22	rs5746356	PHAZ/African American/93/CD	0.9302036337	1.0236892404	16059734	0.1128	
22	rs5746356	PHAZ/African American/93/D	0.9110851869	1.0336815025	16059734	0.1128	
22	rs5746356	PHAZ/African American/93/R	0.960824727	0.9527545094	16059734	0.1128	
22	rs5746356	PHAZ/African American/87/CD	0.2646908473	1.4187883567	16059734	0.1128	
22	rs5746356	PHAZ/African American/87/D	0.3017232149	1.431420527	16059734	0.1128	
22	rs5746356	PHAZ/African American/87/R	0.5033964305	2.1460785036	16059734	0.1128	
22	rs5746356	PHAZ/African American/DTH/CD	0.5766879826	0.7230131195	16059734	0.1128	
22	rs5746356	PHAZ/African American/DTH/D	0.2592577273	0.4648296596	16059734	0.1128	
22	rs5746356	PHAZ/African American/DTH/R	0.1774642385	5.8365028133	16059734	0.1128	
22	rs5746356	PHAZ/ALIVE/CD4/CD	0.7327400158	1.1104371471	16059734	0.1128	
22	rs5746356	PHAZ/ALIVE/CD4/D	0.6655655452	1.1691996354	16059734	0.1128	
22	rs5746356	PHAZ/ALIVE/CD4/R	0.9354622279	0.921653056	16059734	0.1128	
22	rs5746356	PHAZ/ALIVE/93/CD	0.6040449779	1.1650698238	16059734	0.1128	
22	rs5746356	PHAZ/ALIVE/93/D	0.5041441482	1.2624529092	16059734	0.1128	
22	rs5746356	PHAZ/ALIVE/93/R	0.8823659567	0.8630879727	16059734	0.1128	
22	rs5746356	PHAZ/ALIVE/87/CD	0.0953656237	1.8382570659	16059734	0.1128	
22	rs5746356	PHAZ/ALIVE/87/D	0.0794428505	2.1882269909	16059734	0.1128	
22	rs5746356	PHAZ/ALIVE/87/R	0.5254629548	2.0605625471	16059734	0.1128	
22	rs5746356	PHAZ/ALIVE/DTH/CD	0.5735732656	1.4137671799	16059734	0.1128	
22	rs5746356	PHAZ/ALIVE/DTH/D	0.9705334992	1.0293619613	16059734	0.1128	
22	rs5746356	PHAZ/ALIVE/DTH/R	0.1723297304	6.0674393456	16059734	0.1128	
22	rs1041770	INF/African American/H/CD	0.9993884242	-1	16223201	0.04417	LA16c-83F12.6
22	rs1041770	INF/African American/H/D	0.8532000128	0.9490196078	16223201	0.04417	LA16c-83F12.6
22	rs1041770	INF/African American/H/R	1	1.5656934307	16223201	0.04417	LA16c-83F12.6
22	rs1041770	INF/African American/N/CD	0.5850042663	-1	16223201	0.04417	LA16c-83F12.6
22	rs1041770	INF/African American/N/D	0.4180216361	0.7850980392	16223201	0.04417	LA16c-83F12.6
22	rs1041770	INF/African American/N/R	0.401435471	2.200729927	16223201	0.04417	LA16c-83F12.6
22	rs1041770	INF/African American/3/CD	0.865262675	-1	16223201	0.04417	LA16c-83F12.6
22	rs1041770	INF/African American/3/D	0.7124723528	-1	16223201	0.04417	LA16c-83F12.6
22	rs1041770	INF/African American/3/R	0.5466696221	-1	16223201	0.04417	LA16c-83F12.6
22	rs1041770	INF/African American/H/A	1	0.9997091755	16223201	0.04417	LA16c-83F12.6
22	rs1041770	INF/African American/N/A	0.6114433016	0.8619137636	16223201	0.04417	LA16c-83F12.6
22	rs1041770	INF/African American/3/A	0.8583699605	-1	16223201	0.04417	LA16c-83F12.6
22	rs1041770	PDCA2/African American/CD4/CD	0.5272334629	-1	16223201	0.04417	LA16c-83F12.6
22	rs1041770	PDCA2/African American/CD4/D	0.7716631351	1.1428571429	16223201	0.04417	LA16c-83F12.6
22	rs1041770	PDCA2/African American/CD4/R	0.2118313405	8.06	16223201	0.04417	LA16c-83F12.6
22	rs1041770	PDCAM/African American/CD4/CD	0.2860098355	-1	16223201	0.04417	LA16c-83F12.6
22	rs1041770	PDCAM/African American/CD4/D	0.5945337162	-1	16223201	0.04417	LA16c-83F12.6
22	rs1041770	PDCAM/African American/CD4/R	0.0077932785	-1	16223201	0.04417	LA16c-83F12.6
22	rs1041770	PDCA2/African American/93/CD	0.7126876803	-1	16223201	0.04417	LA16c-83F12.6
22	rs1041770	PDCA2/African American/93/D	1	0.9958847737	16223201	0.04417	LA16c-83F12.6
22	rs1041770	PDCA2/African American/93/R	0.2424197028	6.8245614035	16223201	0.04417	LA16c-83F12.6
22	rs1041770	PDCAM/African American/93/CD	0.4306434467	-1	16223201	0.04417	LA16c-83F12.6
22	rs1041770	PDCAM/African American/93/D	0.787532889	-1	16223201	0.04417	LA16c-83F12.6
22	rs1041770	PDCAM/African American/93/R	0.0123607082	-1	16223201	0.04417	LA16c-83F12.6
22	rs1041770	PDCA2/African American/87/CD	0.1499262258	-1	16223201	0.04417	LA16c-83F12.6
22	rs1041770	PDCA2/African American/87/D	0.3663736022	1.6258445946	16223201	0.04417	LA16c-83F12.6
22	rs1041770	PDCA2/African American/87/R	0.091503268	0	16223201	0.04417	LA16c-83F12.6
22	rs1041770	PDCAM/African American/87/CD	0.0051493718	-1	16223201	0.04417	LA16c-83F12.6
22	rs1041770	PDCAM/African American/87/D	0.0222895742	-1	16223201	0.04417	LA16c-83F12.6
22	rs1041770	PDCAM/African American/87/R	0.0002544965	-1	16223201	0.04417	LA16c-83F12.6
22	rs1041770	PDCA2/African American/DTH/CD	0.7125871166	-1	16223201	0.04417	LA16c-83F12.6
22	rs1041770	PDCA2/African American/DTH/D	0.5537372235	1.5438596491	16223201	0.04417	LA16c-83F12.6
22	rs1041770	PDCA2/African American/DTH/R	-1	-1	16223201	0.04417	LA16c-83F12.6
22	rs1041770	PDCAM/African American/DTH/CD	0.0914539496	-1	16223201	0.04417	LA16c-83F12.6
22	rs1041770	PDCAM/African American/DTH/D	0.0914539496	-1	16223201	0.04417	LA16c-83F12.6
22	rs1041770	PDCAM/African American/DTH/R	-1	-1	16223201	0.04417	LA16c-83F12.6
22	rs1041770	PHAZ/African American/CD4/CD	0.9085306763	1.0494884016	16223201	0.04417	LA16c-83F12.6
22	rs1041770	PHAZ/African American/CD4/D	0.9268305501	0.9537780048	16223201	0.04417	LA16c-83F12.6
22	rs1041770	PHAZ/African American/CD4/R	0.5834283028	1.8390361605	16223201	0.04417	LA16c-83F12.6
22	rs1041770	PHAZ/African American/93/CD	0.8386262689	0.9198207283	16223201	0.04417	LA16c-83F12.6
22	rs1041770	PHAZ/African American/93/D	0.6811108033	0.8139606868	16223201	0.04417	LA16c-83F12.6
22	rs1041770	PHAZ/African American/93/R	0.6950250944	1.5269006061	16223201	0.04417	LA16c-83F12.6
22	rs1041770	PHAZ/African American/87/CD	0.2340108514	1.6465975588	16223201	0.04417	LA16c-83F12.6
22	rs1041770	PHAZ/African American/87/D	0.2893759035	1.7217133884	16223201	0.04417	LA16c-83F12.6
22	rs1041770	PHAZ/African American/87/R	0.3575258561	2.993552995	16223201	0.04417	LA16c-83F12.6
22	rs1041770	PHAZ/African American/DTH/CD	0.7366215077	0.7416372997	16223201	0.04417	LA16c-83F12.6
22	rs1041770	PHAZ/African American/DTH/D	0.8123624919	0.7901014915	16223201	0.04417	LA16c-83F12.6
22	rs1041770	PHAZ/African American/DTH/R	0.5763804514	0.000002223421	16223201	0.04417	LA16c-83F12.6
22	rs1041770	PHAZ/ALIVE/CD4/CD	0.3275595728	0.5678318376	16223201	0.04417	LA16c-83F12.6
22	rs1041770	PHAZ/ALIVE/CD4/D	0.4188868617	0.5841947578	16223201	0.04417	LA16c-83F12.6
22	rs1041770	PHAZ/ALIVE/CD4/R	0.2685989951	0.0000021914418	16223201	0.04417	LA16c-83F12.6
22	rs1041770	PHAZ/ALIVE/93/CD	0.2297662265	0.5081807707	16223201	0.04417	LA16c-83F12.6
22	rs1041770	PHAZ/ALIVE/93/D	0.3009242869	0.5112334049	16223201	0.04417	LA16c-83F12.6
22	rs1041770	PHAZ/ALIVE/93/R	0.2279543663	0.0000021816103	16223201	0.04417	LA16c-83F12.6
22	rs1041770	PHAZ/ALIVE/87/CD	0.7085407375	1.2250489234	16223201	0.04417	LA16c-83F12.6
22	rs1041770	PHAZ/ALIVE/87/D	0.4843861588	1.5746994365	16223201	0.04417	LA16c-83F12.6
22	rs1041770	PHAZ/ALIVE/87/R	0.3986089985	0.0000022000651	16223201	0.04417	LA16c-83F12.6
22	rs1041770	PHAZ/ALIVE/DTH/CD	0.9492795461	1.0585699659	16223201	0.04417	LA16c-83F12.6
22	rs1041770	PHAZ/ALIVE/DTH/D	0.7918837749	1.3334302143	16223201	0.04417	LA16c-83F12.6
22	rs1041770	PHAZ/ALIVE/DTH/R	0.5667366774	0.0000022061032	16223201	0.04417	LA16c-83F12.6